"","taxa_name","Group_joint_pvalue_adj","Base_joint_pvalue_adj","Group_log_est","Group_log_pvalue_adj","Group_beta_est","Group_beta_pvalue_adj","Base_log_est","Base_log_pvalue_adj","Base_beta_est","Base_beta_pvalue_adj"
"1","ASV_119",0.0330200794799291,0.546162148566337,2.74201255522801,0.0454718440339006,0.327917503148196,0.738155690945994,-1503.31207129432,0.37033944409086,212.594394041518,0.825026180276609
"2","ASV_203",0.0268389486422841,0.0706671847473325,-0.621963496291105,0.705529183772264,-1.92212870562739,0.0216738815002655,756.207250019173,0.328280946518908,-445.578598118698,0.070716259111535
"3","ASV_41",0.0330200794799291,0.0610554280740951,42441.0795177308,0.117260785242873,-1.06489464488136,0.143581724676485,9830.345992617,0.122187655247411,-4.24963259041714,0.907309616270004
