"","taxa_name","Group_joint_pvalue_adj","Base_joint_pvalue_adj","Group_log_est","Group_log_pvalue_adj","Group_beta_est","Group_beta_pvalue_adj","Base_log_est","Base_log_pvalue_adj","Base_beta_est","Base_beta_pvalue_adj"
"1","ASV_11",0.185551023679938,0.988829786333255,-1.60784858721184,0.529275904442573,-1.34638407754465,0.0146570186394312,-2.79760283217933,1,0.263915593884507,1
"2","ASV_26",0.185551023679938,0.277353098729835,-2.73270121334809,1,-1.29398182112306,0.0146570186394312,7.00869571400301,1,47.2758297801326,0.170259587475568
"3","ASV_51",0.0122103902087894,0.211768496944374,0.95841875353261,0.718581614757202,0.244813649882157,0.677159524997507,771.708840422754,0.163371234479885,21.3117203226994,0.750261353209044
