"","taxa_name","Group_joint_pvalue_adj","Base_joint_pvalue_adj","Group_log_est","Group_log_pvalue_adj","Group_beta_est","Group_beta_pvalue_adj","Base_log_est","Base_log_pvalue_adj","Base_beta_est","Base_beta_pvalue_adj"
"1","ASV_11",0.195183192601965,0.999997336196581,-1.60784858721184,0.628560283800133,-1.34638407754465,0.0253401333009512,-2.79760283217933,0.981786582311639,0.263915593884507,1
"2","ASV_203",0.0804241532738787,0.096969171459483,-0.412806223796702,0.831736885318137,-1.50883281661101,0.0253401333009512,786.73968961999,0.338332989640305,-424.331049208675,0.100634477343031
"3","ASV_26",0.203798982191792,0.275012566251102,-2.73270121334809,1,-1.29398182112306,0.0253401333009512,7.00869571400301,1,47.2758297801326,0.17364630621378
"4","ASV_51",0.0217932280941685,0.205416607520341,0.95841875353261,0.776684298237463,0.244813649882157,0.729076440974765,771.708840422754,0.118192019817767,21.3117203226994,0.768321182420965
